{
  "actions": [
    {
      "cg": "count+1",
      "actionIndex": 1,
      "feature_retrieve":{
        "counter": [
        ]
      },
      "save_counter": {
        "counter": [
          {"name":"countnum" },
          {"name":"counthash"},
          {"name":"countlog"}
        ]
      }
    },


    {
      "cg": "num",
      "actionIndex": 2,
      "feature_retrieve": {
        "counter": [
          {"name":"countnum" }
        ]
      },
      "save_counter": {
        "counter": [
        ]
      }
    },

    {
      "cg": "freq",
      "actionIndex": 3,
      "feature_retrieve": {
        "counter": [
          {"name":"counthash" }
        ]
      },
      "save_counter": {
        "counter": [
        ]
      }


    },

    {
      "cg": "log",
      "actionIndex": 4,
      "feature_retrieve": {
        "counter": [
          {"name":"countlog" }
        ]
      },
      "save_counter": {
        "counter": [
        ]
      }
    }

  ]
}